iso_alpha,country,continent,rgb_str
AFG,AFG,World,"(1, 0, 0)"
AGO,AGO,World,"(2, 0, 0)"
ALB,ALB,World,"(3, 0, 0)"
ARE,ARE,World,"(4, 0, 0)"
ARG,ARG,World,"(5, 0, 0)"
ARM,ARM,World,"(6, 0, 0)"
ATA,ATA,World,"(7, 0, 0)"
ATF,ATF,World,"(8, 0, 0)"
AUS,AUS,World,"(9, 0, 0)"
AUT,AUT,World,"(10, 0, 0)"
AZE,AZE,World,"(11, 0, 0)"
BDI,BDI,World,"(12, 0, 0)"
BEL,BEL,World,"(13, 0, 0)"
BEN,BEN,World,"(14, 0, 0)"
BFA,BFA,World,"(15, 0, 0)"
BGD,BGD,World,"(16, 0, 0)"
BGR,BGR,World,"(17, 0, 0)"
BHS,BHS,World,"(18, 0, 0)"
BIH,BIH,World,"(19, 0, 0)"
BLR,BLR,World,"(20, 0, 0)"
BLZ,BLZ,World,"(21, 0, 0)"
BOL,BOL,World,"(22, 0, 0)"
BRA,BRA,World,"(23, 0, 0)"
BRN,BRN,World,"(24, 0, 0)"
BTN,BTN,World,"(25, 0, 0)"
BWA,BWA,World,"(26, 0, 0)"
CAF,CAF,World,"(27, 0, 0)"
CAN,CAN,World,"(28, 0, 0)"
CHE,CHE,World,"(29, 0, 0)"
CHL,CHL,World,"(30, 0, 0)"
CHN,CHN,World,"(31, 0, 0)"
CIV,CIV,World,"(32, 0, 0)"
CMR,CMR,World,"(33, 0, 0)"
COD,COD,World,"(34, 0, 0)"
COG,COG,World,"(35, 0, 0)"
COL,COL,World,"(36, 0, 0)"
CRI,CRI,World,"(37, 0, 0)"
CUB,CUB,World,"(38, 0, 0)"
CYP,CYP,World,"(39, 0, 0)"
CZE,CZE,World,"(40, 0, 0)"
DEU,DEU,World,"(41, 0, 0)"
DJI,DJI,World,"(42, 0, 0)"
DNK,DNK,World,"(43, 0, 0)"
DOM,DOM,World,"(44, 0, 0)"
DZA,DZA,World,"(45, 0, 0)"
ECU,ECU,World,"(46, 0, 0)"
EGY,EGY,World,"(47, 0, 0)"
ERI,ERI,World,"(48, 0, 0)"
ESP,ESP,World,"(49, 0, 0)"
EST,EST,World,"(50, 0, 0)"
ETH,ETH,World,"(51, 0, 0)"
FIN,FIN,World,"(52, 0, 0)"
FJI,FJI,World,"(53, 0, 0)"
FLK,FLK,World,"(54, 0, 0)"
FRA,FRA,World,"(55, 0, 0)"
GAB,GAB,World,"(56, 0, 0)"
GBR,GBR,World,"(57, 0, 0)"
GEO,GEO,World,"(58, 0, 0)"
GHA,GHA,World,"(59, 0, 0)"
GIN,GIN,World,"(60, 0, 0)"
GMB,GMB,World,"(61, 0, 0)"
GNB,GNB,World,"(62, 0, 0)"
GNQ,GNQ,World,"(63, 0, 0)"
GRC,GRC,World,"(64, 0, 0)"
GRL,GRL,World,"(65, 0, 0)"
GTM,GTM,World,"(66, 0, 0)"
GUY,GUY,World,"(67, 0, 0)"
HND,HND,World,"(68, 0, 0)"
HRV,HRV,World,"(69, 0, 0)"
HTI,HTI,World,"(70, 0, 0)"
HUN,HUN,World,"(71, 0, 0)"
IDN,IDN,World,"(72, 0, 0)"
IND,IND,World,"(73, 0, 0)"
IRL,IRL,World,"(74, 0, 0)"
IRN,IRN,World,"(75, 0, 0)"
IRQ,IRQ,World,"(76, 0, 0)"
ISL,ISL,World,"(77, 0, 0)"
ISR,ISR,World,"(78, 0, 0)"
ITA,ITA,World,"(79, 0, 0)"
JAM,JAM,World,"(80, 0, 0)"
JOR,JOR,World,"(81, 0, 0)"
JPN,JPN,World,"(82, 0, 0)"
KAZ,KAZ,World,"(83, 0, 0)"
KEN,KEN,World,"(84, 0, 0)"
KGZ,KGZ,World,"(85, 0, 0)"
KHM,KHM,World,"(86, 0, 0)"
KOR,KOR,World,"(87, 0, 0)"
KWT,KWT,World,"(88, 0, 0)"
LAO,LAO,World,"(89, 0, 0)"
LBN,LBN,World,"(90, 0, 0)"
LBR,LBR,World,"(91, 0, 0)"
LBY,LBY,World,"(92, 0, 0)"
LKA,LKA,World,"(93, 0, 0)"
LSO,LSO,World,"(94, 0, 0)"
LTU,LTU,World,"(95, 0, 0)"
LUX,LUX,World,"(96, 0, 0)"
LVA,LVA,World,"(97, 0, 0)"
MAR,MAR,World,"(98, 0, 0)"
MDA,MDA,World,"(99, 0, 0)"
MDG,MDG,World,"(100, 0, 0)"
MEX,MEX,World,"(101, 0, 0)"
MKD,MKD,World,"(102, 0, 0)"
MLI,MLI,World,"(103, 0, 0)"
MMR,MMR,World,"(104, 0, 0)"
MNE,MNE,World,"(105, 0, 0)"
MNG,MNG,World,"(106, 0, 0)"
MOZ,MOZ,World,"(107, 0, 0)"
MRT,MRT,World,"(108, 0, 0)"
MWI,MWI,World,"(109, 0, 0)"
MYS,MYS,World,"(110, 0, 0)"
NAM,NAM,World,"(111, 0, 0)"
NCL,NCL,World,"(112, 0, 0)"
NER,NER,World,"(113, 0, 0)"
NGA,NGA,World,"(114, 0, 0)"
NIC,NIC,World,"(115, 0, 0)"
NLD,NLD,World,"(116, 0, 0)"
NOR,NOR,World,"(117, 0, 0)"
NPL,NPL,World,"(118, 0, 0)"
NZL,NZL,World,"(119, 0, 0)"
OMN,OMN,World,"(120, 0, 0)"
PAK,PAK,World,"(121, 0, 0)"
PAN,PAN,World,"(122, 0, 0)"
PER,PER,World,"(123, 0, 0)"
PHL,PHL,World,"(124, 0, 0)"
PNG,PNG,World,"(125, 0, 0)"
POL,POL,World,"(126, 0, 0)"
PRI,PRI,World,"(127, 0, 0)"
PRK,PRK,World,"(128, 0, 0)"
PRT,PRT,World,"(129, 0, 0)"
PRY,PRY,World,"(130, 0, 0)"
QAT,QAT,World,"(131, 0, 0)"
ROU,ROU,World,"(132, 0, 0)"
RUS,RUS,World,"(133, 0, 0)"
RWA,RWA,World,"(134, 0, 0)"
ESH,ESH,World,"(135, 0, 0)"
SAU,SAU,World,"(136, 0, 0)"
SDN,SDN,World,"(137, 0, 0)"
SSD,SSD,World,"(138, 0, 0)"
SEN,SEN,World,"(139, 0, 0)"
SLB,SLB,World,"(140, 0, 0)"
SLE,SLE,World,"(141, 0, 0)"
SLV,SLV,World,"(142, 0, 0)"
SOM,SOM,World,"(143, 0, 0)"
SRB,SRB,World,"(144, 0, 0)"
SUR,SUR,World,"(145, 0, 0)"
SVK,SVK,World,"(146, 0, 0)"
SVN,SVN,World,"(147, 0, 0)"
SWE,SWE,World,"(148, 0, 0)"
SWZ,SWZ,World,"(149, 0, 0)"
SYR,SYR,World,"(150, 0, 0)"
TCD,TCD,World,"(151, 0, 0)"
TGO,TGO,World,"(152, 0, 0)"
THA,THA,World,"(153, 0, 0)"
TJK,TJK,World,"(154, 0, 0)"
TKM,TKM,World,"(155, 0, 0)"
TLS,TLS,World,"(156, 0, 0)"
TTO,TTO,World,"(157, 0, 0)"
TUN,TUN,World,"(158, 0, 0)"
TUR,TUR,World,"(159, 0, 0)"
TWN,TWN,World,"(160, 0, 0)"
TZA,TZA,World,"(161, 0, 0)"
UGA,UGA,World,"(162, 0, 0)"
UKR,UKR,World,"(163, 0, 0)"
URY,URY,World,"(164, 0, 0)"
USA,USA,World,"(165, 0, 0)"
UZB,UZB,World,"(166, 0, 0)"
VEN,VEN,World,"(167, 0, 0)"
VNM,VNM,World,"(168, 0, 0)"
VUT,VUT,World,"(169, 0, 0)"
PSE,PSE,World,"(170, 0, 0)"
YEM,YEM,World,"(171, 0, 0)"
ZAF,ZAF,World,"(172, 0, 0)"
ZMB,ZMB,World,"(173, 0, 0)"
ZWE,ZWE,World,"(174, 0, 0)"
